{"frame30.jpg149264":{"fileref":"","size":149264,"filename":"frame30.jpg","base64_img_data":"","file_attributes":{"nome":"camarao"},"regions":{"0":{"shape_attributes":{"name":"polygon","all_points_x":[540,543,542,540,540,534,452,534,539,541,545,546,544,539,539,534,540],"all_points_y":[66,67,70,70,68,75,78,82,88,91,91,89,87,87,87,76,66]},"region_attributes":{}}}},"frame29.jpg149211":{"fileref":"","size":149211,"filename":"frame29.jpg","base64_img_data":"","file_attributes":{},"regions":{}},"frame28.jpg149225":{"fileref":"","size":149225,"filename":"frame28.jpg","base64_img_data":"","file_attributes":{},"regions":{}},"frame27.jpg149038":{"fileref":"","size":149038,"filename":"frame27.jpg","base64_img_data":"","file_attributes":{},"regions":{}},"frame26.jpg148363":{"fileref":"","size":148363,"filename":"frame26.jpg","base64_img_data":"","file_attributes":{"nome":"camarao"},"regions":{"0":{"shape_attributes":{"name":"polygon","all_points_x":[535,538,591,535],"all_points_y":[26,43,26,26]},"region_attributes":{}},"1":{"shape_attributes":{"name":"polygon","all_points_x":[539,545,581,539],"all_points_y":[140,155,139,140]},"region_attributes":{}},"2":{"shape_attributes":{"name":"polygon","all_points_x":[581,604,607,581],"all_points_y":[152,162,80,152]},"region_attributes":{}},"3":{"shape_attributes":{"name":"polygon","all_points_x":[558,577,582,558],"all_points_y":[111,121,76,111]},"region_attributes":{}},"4":{"shape_attributes":{"name":"polygon","all_points_x":[423,444,428,423],"all_points_y":[58,59,88,58]},"region_attributes":{}},"5":{"shape_attributes":{"name":"polygon","all_points_x":[545,547,507,454,512,534,541,545],"all_points_y":[65,92,83,80,76,72,64,65]},"region_attributes":{}},"6":{"shape_attributes":{"name":"polygon","all_points_x":[389,395,400,415,417,409,402,396,390,386,393,384,392,389,391,389],"all_points_y":[146,145,153,150,155,161,181,186,236,242,181,171,155,148,146,146]},"region_attributes":{}}}},"frame25.jpg148154":{"fileref":"","size":148154,"filename":"frame25.jpg","base64_img_data":"","file_attributes":{},"regions":{"0":{"shape_attributes":{"name":"polygon","all_points_x":[918,967,962,918],"all_points_y":[247,241,224,247]},"region_attributes":{}}}},"frame24.jpg147522":{"fileref":"","size":147522,"filename":"frame24.jpg","base64_img_data":"","file_attributes":{"nome":"camarao"},"regions":{}},"frame23.jpg147237":{"fileref":"","size":147237,"filename":"frame23.jpg","base64_img_data":"","file_attributes":{},"regions":{}}}